id,"first name",email
30,User,demri.symphany@itis0k.org
31,user,vella.shivani@itis0k.org
32,User,riddhima.jamera@itis0k.org
33,User,kaity.kaylena@itis0k.org
35,User,radha.jaydaliz@itis0k.org
36,User,emberlyn.jaryiah@itis0k.org
37,User,carlin.rivkah@itis0k.org
38,User,syenna.jizelle@itis0k.org
39,User,ferrah.autum@itis0k.org
40,User,evanny.corinna@itis0k.org
41,User,devlyn.alani@itis0k.org
42,User,supriya.kaelyn@itis0k.org
43,User,yaretzi.loralynn@itis0k.org
44,User,mayana.neelam@itis0k.org
45,User,harmoni.jailei@itis0k.org
46,User,yulieth.rio@itis0k.org
48,User,darling.kember@itis0k.org
49,User,maelin.samia@itis0k.org
50,User,yasmeen.avorie@itis0k.org
51,User,ayana.analina@itis0k.org
85,avalyn,avalyn.carla@ln0ut.net
